id,type,title,raw_title,description,raw_description,active,required,options,created_at,updated_at
3.60004E+11,text,Company Name,Company Name,,,TRUE,FALSE,[],2018-04-11T13:31:53Z,2024-10-16T18:15:51Z
35423168,subject,Subject,Subject,,,TRUE,FALSE,[],2016-07-25T13:07:58Z,2018-04-11T13:35:44Z
35423188,description,Description,Description,Please enter the details of your request. A member of our support staff will respond as soon as possible.,Please enter the details of your request. A member of our support staff will respond as soon as possible.,TRUE,FALSE,[],2016-07-25T13:07:58Z,2018-04-11T13:35:44Z
35423208,status,Status,Status,Request status,Request status,TRUE,FALSE,[],2016-07-25T13:07:58Z,2023-03-08T18:44:44Z
35423228,tickettype,Type,Type,Request type,Request type,TRUE,TRUE,[],2016-07-25T13:07:58Z,2023-03-08T18:44:44Z
35423248,priority,Priority,Priority,"- Urgent: L1, CRITICAL SEVERITY - business critical issue representing a complete loss of service or a significant feature that is completely unavailable in the production environment and without an available workaround, such as Transaction Processing Service being unavailable due to a Spreedly-side issue
- High:  L2, SERIOUS SEVERITY - degraded service issue, including intermittent issues and reduced quality of service, where a workaround may be available, such as the customer’s use of Transaction Processing Service being severely impaired due to Spreedly-side issue
- Normal: L3, LOW SEVERITY - general issue or inquiry, including bugs not impacting API uptime, product questions, feature requests and development issues, such as an end-user or customer request that requires investigation by Spreedly
- Low:  No severity rating assigned - general information or documentation inquiries not requiring specific turnaround times","- Urgent: L1, CRITICAL SEVERITY - business critical issue representing a complete loss of service or a significant feature that is completely unavailable in the production environment and without an available workaround, such as Transaction Processing Service being unavailable due to a Spreedly-side issue
- High:  L2, SERIOUS SEVERITY - degraded service issue, including intermittent issues and reduced quality of service, where a workaround may be available, such as the customer’s use of Transaction Processing Service being severely impaired due to Spreedly-side issue
- Normal: L3, LOW SEVERITY - general issue or inquiry, including bugs not impacting API uptime, product questions, feature requests and development issues, such as an end-user or customer request that requires investigation by Spreedly
- Low:  No severity rating assigned - general information or documentation inquiries not requiring specific turnaround times",TRUE,TRUE,[],2016-07-25T13:07:58Z,2023-03-08T18:44:44Z
80630407,tagger,Team Routing,Team Routing,,,TRUE,TRUE,"[{""id"": 80518247, ""name"": ""Support - Tier 1"", ""raw_name"": ""Support - Tier 1"", ""value"": ""tier_1"", ""default"": false}, {""id"": 360010597594, ""name"": ""Support - Tier 2"", ""raw_name"": ""Support - Tier 2"", ""value"": ""tier_2"", ""default"": false}, {""id"": 360042255794, ""name"": ""Support - Tier 3"", ""raw_name"": ""Support - Tier 3"", ""value"": ""tier_3"", ""default"": false}, {""id"": 1260818260789, ""name"": ""Customer Success"", ""raw_name"": ""Customer Success"", ""value"": ""customer_success"", ""default"": false}, {""id"": 1260818260809, ""name"": ""Account Management"", ""raw_name"": ""Account Management"", ""value"": ""account_management"", ""default"": false}, {""id"": 360042255814, ""name"": ""Other Dept"", ""raw_name"": ""Other Dept"", ""value"": ""other_dept"", ""default"": false}]",2017-08-07T12:34:59Z,2023-03-08T18:44:44Z
35423288,assignee,Assignee,Assignee,Agent assigned to your request,Agent assigned to your request,TRUE,TRUE,[],2016-07-25T13:07:58Z,2024-06-21T16:57:38Z
76611507,tagger,In Community?,In Community?,,,FALSE,FALSE,"[{""id"": 76112267, ""name"": ""Yes, pre-existing."", ""raw_name"": ""Yes, pre-existing."", ""value"": ""exists_in_community"", ""default"": false}, {""id"": 76112287, ""name"": ""Yes, I added it."", ""raw_name"": ""Yes, I added it."", ""value"": ""added_to_community"", ""default"": false}, {""id"": 76169267, ""name"": ""No::Sensitive information, cannot include. "", ""raw_name"": ""No::Sensitive information, cannot include. "", ""value"": ""no_community_cannot_include_sensitive_info"", ""default"": false}, {""id"": 76169287, ""name"": ""No::Incomplete Request"", ""raw_name"": ""No::Incomplete Request"", ""value"": ""no_community_incomplete_request"", ""default"": false}, {""id"": 76169307, ""name"": ""No::Not Adding, Feature Request/Edge Case"", ""raw_name"": ""No::Not Adding, Feature Request/Edge Case"", ""value"": ""no_community_edge_case"", ""default"": false}, {""id"": 76738388, ""name"": ""No::Spam/Autoresponder"", ""raw_name"": ""No::Spam/Autoresponder"", ""value"": ""no_community_spam"", ""default"": false}, {""id"": 77363007, ""name"": ""No::API Update Needed, Queued Doc Update"", ""raw_name"": ""No::API Update Needed, Queued Doc Update"", ""value"": ""no__api_update_"", ""default"": false}]",2017-04-19T20:38:41Z,2024-05-08T19:19:02Z
35510248,tagger,Category,Category,,,TRUE,TRUE,"[{""id"": 29094113089947, ""name"": ""3DS Gateway Specific"", ""raw_name"": ""3DS Gateway Specific"", ""value"": ""3ds_gateway_specific"", ""default"": false}, {""id"": 29094113090075, ""name"": ""3DS Spreedly Global"", ""raw_name"": ""3DS Spreedly Global"", ""value"": ""3ds_spreedly_global"", ""default"": false}, {""id"": 29400972425499, ""name"": ""3DS Third Party"", ""raw_name"": ""3DS Third Party"", ""value"": ""3ds_third_party"", ""default"": false}, {""id"": 29094468188571, ""name"": ""Adding Payment Methods"", ""raw_name"": ""Adding Payment Methods"", ""value"": ""adding_payment_methods"", ""default"": false}, {""id"": 77569468, ""name"": ""Administrative"", ""raw_name"": ""Administrative"", ""value"": ""administrative"", ""default"": false}, {""id"": 27616362955419, ""name"": ""Administrative::2024 Pricing Change"", ""raw_name"": ""Administrative::2024 Pricing Change"", ""value"": ""administrative__2024_pricing_change"", ""default"": false}, {""id"": 29172402917403, ""name"": ""Administrative::Customer's Customer"", ""raw_name"": ""Administrative::Customer's Customer"", ""value"": ""administrative__customer_s_customer"", ""default"": false}, {""id"": 29172402917531, ""name"": ""Administrative::Prospect"", ""raw_name"": ""Administrative::Prospect"", ""value"": ""administrative__prospect"", ""default"": false}, {""id"": 57476268, ""name"": ""Autoresponder/Spam"", ""raw_name"": ""Autoresponder/Spam"", ""value"": ""ooo_autoresponder"", ""default"": false}, {""id"": 29094113090203, ""name"": ""Advanced Vault"", ""raw_name"": ""Advanced Vault"", ""value"": ""advanced_vault"", ""default"": false}, {""id"": 29094113090331, ""name"": ""APMs"", ""raw_name"": ""APMs"", ""value"": ""apms"", ""default"": false}, {""id"": 29094113090459, ""name"": ""Apple Pay"", ""raw_name"": ""Apple Pay"", ""value"": ""apple_pay"", ""default"": false}, {""id"": 29094113090587, ""name"": ""Billing"", ""raw_name"": ""Billing"", ""value"": ""billing"", ""default"": false}, {""id"": 29094113090715, ""name"": ""BIN Data"", ""raw_name"": ""BIN Data"", ""value"": ""bin_data"", ""default"": false}, {""id"": 29094113090971, ""name"": ""Composer"", ""raw_name"": ""Composer"", ""value"": ""composer"", ""default"": false}, {""id"": 29106378388891, ""name"": ""Customer Ticket Traction"", ""raw_name"": ""Customer Ticket Traction"", ""value"": ""customer_ticket_traction"", ""default"": false}, {""id"": 29094113091099, ""name"": ""Dashboard & Reporting"", ""raw_name"": ""Dashboard & Reporting"", ""value"": ""dashboard___reporting"", ""default"": false}, {""id"": 57476228, ""name"": ""Document Request"", ""raw_name"": ""Document Request"", ""value"": ""document_request"", ""default"": false}, {""id"": 29094113091227, ""name"": ""Export"", ""raw_name"": ""Export"", ""value"": ""export"", ""default"": false}, {""id"": 29094113091355, ""name"": ""Express"", ""raw_name"": ""Express"", ""value"": ""express"", ""default"": false}, {""id"": 29094113091483, ""name"": ""Fingerprinting"", ""raw_name"": ""Fingerprinting"", ""value"": ""fingerprinting"", ""default"": false}, {""id"": 29094113091611, ""name"": ""Fraud"", ""raw_name"": ""Fraud"", ""value"": ""fraud"", ""default"": false}, {""id"": 29094113091739, ""name"": ""Gateways"", ""raw_name"": ""Gateways"", ""value"": ""gateways"", ""default"": false}, {""id"": 29094113091867, ""name"": ""Google Pay"", ""raw_name"": ""Google Pay"", ""value"": ""google_pay"", ""default"": false}, {""id"": 29094113091995, ""name"": ""GSF/GSRF"", ""raw_name"": ""GSF/GSRF"", ""value"": ""gsf/gsrf"", ""default"": false}, {""id"": 29094113092123, ""name"": ""iFrame"", ""raw_name"": ""iFrame"", ""value"": ""iframe"", ""default"": false}, {""id"": 29094113092251, ""name"": ""Import"", ""raw_name"": ""Import"", ""value"": ""import"", ""default"": false}, {""id"": 29094113092379, ""name"": ""Internal Migration"", ""raw_name"": ""Internal Migration"", ""value"": ""internal_migration"", ""default"": false}, {""id"": 29094113092507, ""name"": ""MFA"", ""raw_name"": ""MFA"", ""value"": ""mfa"", ""default"": false}, {""id"": 29094113092635, ""name"": ""Network Tokens"", ""raw_name"": ""Network Tokens"", ""value"": ""network_tokens"", ""default"": false}, {""id"": 29106572929179, ""name"": ""New Feature Request"", ""raw_name"": ""New Feature Request"", ""value"": ""new_feature_request"", ""default"": false}, {""id"": 29107602060827, ""name"": ""Notifications: Gateway/Partner "", ""raw_name"": ""Notifications: Gateway/Partner "", ""value"": ""notifications__gateway/partner_"", ""default"": false}, {""id"": 29995814525467, ""name"": ""Notification: Spreedly"", ""raw_name"": ""Notification: Spreedly"", ""value"": ""notification__spreedly"", ""default"": false}, {""id"": 29094113092763, ""name"": ""Offsite Payments/PayPal"", ""raw_name"": ""Offsite Payments/PayPal"", ""value"": ""offsite_payments/paypal"", ""default"": false}, {""id"": 29094113092891, ""name"": ""PAR"", ""raw_name"": ""PAR"", ""value"": ""par"", ""default"": false}, {""id"": 29094113093019, ""name"": ""Payment Method Distribution"", ""raw_name"": ""Payment Method Distribution"", ""value"": ""payment_method_distribution"", ""default"": false}, {""id"": 30292975880091, ""name"": ""Recover"", ""raw_name"": ""Recover"", ""value"": ""recover"", ""default"": false}, {""id"": 29094113093147, ""name"": ""SDK/Mobile App"", ""raw_name"": ""SDK/Mobile App"", ""value"": ""sdk/mobile_app"", ""default"": false}, {""id"": 29094113093275, ""name"": ""Spreedly Account"", ""raw_name"": ""Spreedly Account"", ""value"": ""spreedly_account"", ""default"": false}, {""id"": 29094113093403, ""name"": ""Stored Credentials"", ""raw_name"": ""Stored Credentials"", ""value"": ""stored_credentials"", ""default"": false}, {""id"": 29094113093531, ""name"": ""Third Party Vaulting"", ""raw_name"": ""Third Party Vaulting"", ""value"": ""third_party_vaulting"", ""default"": false}]",2016-07-26T22:46:24Z,2024-10-22T21:20:45Z
3.60038E+11,tagger,Gateway (Migrations),Gateway (Migrations),"Import - Source of payment methods
Export - Recipient of Payment Methods","Import - Source of payment methods
Export - Recipient of Payment Methods",TRUE,FALSE,"[{""id"": 360048646673, ""name"": ""Authorize.net"", ""raw_name"": ""Authorize.net"", ""value"": ""authorize.net"", ""default"": false}, {""id"": 1260812477649, ""name"": ""Braintree"", ""raw_name"": ""Braintree"", ""value"": ""braintree_gateway"", ""default"": false}, {""id"": 1260812477669, ""name"": ""Stripe"", ""raw_name"": ""Stripe"", ""value"": ""stripe_gateway"", ""default"": false}, {""id"": 1260812477689, ""name"": ""WePay"", ""raw_name"": ""WePay"", ""value"": ""wepay_gateway"", ""default"": false}, {""id"": 360048646753, ""name"": ""Other (Enter in Description)"", ""raw_name"": ""Other (Enter in Description)"", ""value"": ""other__enter_in_description_"", ""default"": false}]",2020-04-11T17:13:24Z,2024-06-21T16:57:38Z
1.14098E+11,checkbox,Do Not Auto-Solve,Do Not Auto-Solve,,,FALSE,FALSE,[],2017-09-04T20:48:59Z,2024-05-08T18:55:40Z
1.26081E+12,tagger,Gateway Name,Gateway Name,,,TRUE,FALSE,"[{""id"": 1260812477709, ""name"": ""Acapture"", ""raw_name"": ""Acapture"", ""value"": ""acapture"", ""default"": false}, {""id"": 1260812477729, ""name"": ""Adyen"", ""raw_name"": ""Adyen"", ""value"": ""adyen"", ""default"": false}, {""id"": 31081462822299, ""name"": ""Airwallex"", ""raw_name"": ""Airwallex"", ""value"": ""airwallex"", ""default"": false}, {""id"": 1260812477769, ""name"": ""Authorize.Net"", ""raw_name"": ""Authorize.Net"", ""value"": ""authorize_net"", ""default"": false}, {""id"": 1260812477789, ""name"": ""Bambora Asia-Pacific"", ""raw_name"": ""Bambora Asia-Pacific"", ""value"": ""bambora_apac"", ""default"": false}, {""id"": 31081462822427, ""name"": ""Bambora North America"", ""raw_name"": ""Bambora North America"", ""value"": ""bambora_north_america"", ""default"": false}, {""id"": 1260812477809, ""name"": ""Banco Sabadell"", ""raw_name"": ""Banco Sabadell"", ""value"": ""banco_sabadell"", ""default"": false}, {""id"": 1260812477829, ""name"": ""Barclaycard Smartpay"", ""raw_name"": ""Barclaycard Smartpay"", ""value"": ""barclaycard_smartpay"", ""default"": false}, {""id"": 1260812477849, ""name"": ""Barclays ePDQ Extra Plus"", ""raw_name"": ""Barclays ePDQ Extra Plus"", ""value"": ""barclays_epdq_extra_plus"", ""default"": false}, {""id"": 31081462822555, ""name"": ""BBVA (formerly CatalunyaCaixa, via Redsys)"", ""raw_name"": ""BBVA (formerly CatalunyaCaixa, via Redsys)"", ""value"": ""bbva__formerly_catalunyacaixa__via_redsys_"", ""default"": false}, {""id"": 1260812477889, ""name"": ""BluePay"", ""raw_name"": ""BluePay"", ""value"": ""blue_pay"", ""default"": false}, {""id"": 1260812477909, ""name"": ""BlueSnap"", ""raw_name"": ""BlueSnap"", ""value"": ""blue_snap"", ""default"": false}, {""id"": 1260812477929, ""name"": ""Borgun"", ""raw_name"": ""Borgun"", ""value"": ""borgun"", ""default"": false}, {""id"": 1260812477949, ""name"": ""BPoint"", ""raw_name"": ""BPoint"", ""value"": ""bpoint"", ""default"": false}, {""id"": 1260812477969, ""name"": ""Braintree"", ""raw_name"": ""Braintree"", ""value"": ""braintree"", ""default"": false}, {""id"": 1260812477989, ""name"": ""BridgePay"", ""raw_name"": ""BridgePay"", ""value"": ""bridge_pay"", ""default"": false}, {""id"": 1260812478009, ""name"": ""CardConnect"", ""raw_name"": ""CardConnect"", ""value"": ""card_connect"", ""default"": false}, {""id"": 1260812478029, ""name"": ""Cardstream"", ""raw_name"": ""Cardstream"", ""value"": ""card_stream"", ""default"": false}, {""id"": 31081462822683, ""name"": ""CASHnet"", ""raw_name"": ""CASHnet"", ""value"": ""cashnet"", ""default"": false}, {""id"": 1260812478069, ""name"": ""Cayan"", ""raw_name"": ""Cayan"", ""value"": ""cayan"", ""default"": false}, {""id"": 1260812478089, ""name"": ""Cecabank"", ""raw_name"": ""Cecabank"", ""value"": ""cecabank"", ""default"": false}, {""id"": 1260812478109, ""name"": ""CenPOS"", ""raw_name"": ""CenPOS"", ""value"": ""cenpos"", ""default"": false}, {""id"": 1260812478129, ""name"": ""Checkout.com"", ""raw_name"": ""Checkout.com"", ""value"": ""checkout_v2"", ""default"": false}, {""id"": 1260812478149, ""name"": ""Clearhaus"", ""raw_name"": ""Clearhaus"", ""value"": ""clearhaus"", ""default"": false}, {""id"": 31081462822811, ""name"": ""CommerceHub"", ""raw_name"": ""CommerceHub"", ""value"": ""commercehub"", ""default"": false}, {""id"": 1260812478169, ""name"": ""Conekta"", ""raw_name"": ""Conekta"", ""value"": ""conekta"", ""default"": false}, {""id"": 1260812478189, ""name"": ""Creditcall"", ""raw_name"": ""Creditcall"", ""value"": ""creditcall"", ""default"": false}, {""id"": 1260812478209, ""name"": ""Credorax"", ""raw_name"": ""Credorax"", ""value"": ""credorax"", ""default"": false}, {""id"": 1260812478249, ""name"": ""CyberSource"", ""raw_name"": ""CyberSource"", ""value"": ""cyber_source"", ""default"": false}, {""id"": 31081462822939, ""name"": ""CyberSource REST"", ""raw_name"": ""CyberSource REST"", ""value"": ""cybersource_rest"", ""default"": false}, {""id"": 31081462823067, ""name"": ""Datatrans (Planet)"", ""raw_name"": ""Datatrans (Planet)"", ""value"": ""datatrans__planet_"", ""default"": false}, {""id"": 1260812478309, ""name"": ""Decidir"", ""raw_name"": ""Decidir"", ""value"": ""decidir"", ""default"": false}, {""id"": 31081462823195, ""name"": ""Decidir Plus"", ""raw_name"": ""Decidir Plus"", ""value"": ""decidir_plus"", ""default"": false}, {""id"": 1260812478329, ""name"": ""Diamond Mind"", ""raw_name"": ""Diamond Mind"", ""value"": ""diamond_mind"", ""default"": false}, {""id"": 1260812478349, ""name"": ""DIBS"", ""raw_name"": ""DIBS"", ""value"": ""dibs"", ""default"": false}, {""id"": 1260812478269, ""name"": ""dLocal"", ""raw_name"": ""dLocal"", ""value"": ""d_local"", ""default"": false}, {""id"": 1260812478369, ""name"": ""EBANX"", ""raw_name"": ""EBANX"", ""value"": ""ebanx"", ""default"": false}, {""id"": 1260812478389, ""name"": ""Elavon"", ""raw_name"": ""Elavon"", ""value"": ""elavon"", ""default"": false}, {""id"": 1260812478429, ""name"": ""ePay"", ""raw_name"": ""ePay"", ""value"": ""epay"", ""default"": false}, {""id"": 1260812478449, ""name"": ""eWAY"", ""raw_name"": ""eWAY"", ""value"": ""eway"", ""default"": false}, {""id"": 1260812478469, ""name"": ""eWAY Rapid"", ""raw_name"": ""eWAY Rapid"", ""value"": ""eway_rapid"", ""default"": false}, {""id"": 1260812478489, ""name"": ""Fat Zebra"", ""raw_name"": ""Fat Zebra"", ""value"": ""fat_zebra"", ""default"": false}, {""id"": 1260812478589, ""name"": ""First Data Global Gateway"", ""raw_name"": ""First Data Global Gateway"", ""value"": ""global"", ""default"": false}, {""id"": 1260812478549, ""name"": ""First Pay"", ""raw_name"": ""First Pay"", ""value"": ""first_pay"", ""default"": false}, {""id"": 31081462823323, ""name"": ""FlexFactor (FlexCharge)"", ""raw_name"": ""FlexFactor (FlexCharge)"", ""value"": ""flexfactor__flexcharge_"", ""default"": false}, {""id"": 1260812478569, ""name"": ""Forte"", ""raw_name"": ""Forte"", ""value"": ""forte"", ""default"": false}, {""id"": 1260812478629, ""name"": ""Global Iris"", ""raw_name"": ""Global Iris"", ""value"": ""global_iris"", ""default"": false}, {""id"": 1260812478649, ""name"": ""Global Transport"", ""raw_name"": ""Global Transport"", ""value"": ""global_transport"", ""default"": false}, {""id"": 1260812478669, ""name"": ""Heartland Payment Systems"", ""raw_name"": ""Heartland Payment Systems"", ""value"": ""hps"", ""default"": false}, {""id"": 31081462823451, ""name"": ""HiPay"", ""raw_name"": ""HiPay"", ""value"": ""hipay"", ""default"": false}, {""id"": 1260812478689, ""name"": ""iATS Payments"", ""raw_name"": ""iATS Payments"", ""value"": ""iats_payments"", ""default"": false}, {""id"": 31081462823579, ""name"": ""IPG"", ""raw_name"": ""IPG"", ""value"": ""ipg"", ""default"": false}, {""id"": 1260812478729, ""name"": ""iVeri"", ""raw_name"": ""iVeri"", ""value"": ""iveri"", ""default"": false}, {""id"": 1260812478749, ""name"": ""IXOPAY"", ""raw_name"": ""IXOPAY"", ""value"": ""ixopay"", ""default"": false}, {""id"": 1260812478769, ""name"": ""JetPay"", ""raw_name"": ""JetPay"", ""value"": ""jetpay"", ""default"": false}, {""id"": 1260812478789, ""name"": ""JetPay V2"", ""raw_name"": ""JetPay V2"", ""value"": ""jetpay_v2"", ""default"": false}, {""id"": 1260812478809, ""name"": ""Kushki"", ""raw_name"": ""Kushki"", ""value"": ""kushki"", ""default"": false}, {""id"": 1260812478829, ""name"": ""Latitude19"", ""raw_name"": ""Latitude19"", ""value"": ""latitude19"", ""default"": false}, {""id"": 1260812478289, ""name"": ""MasterCard Payment Gateway Service (formerly DataCash)"", ""raw_name"": ""MasterCard Payment Gateway Service (formerly DataCash)"", ""value"": ""data_cash"", ""default"": false}, {""id"": 1260812478989, ""name"": ""MasterCard Payment Gateway Service (formerly MiGS)"", ""raw_name"": ""MasterCard Payment Gateway Service (formerly MiGS)"", ""value"": ""migs"", ""default"": false}, {""id"": 1260812479909, ""name"": ""MasterCard Payment Gateway Service (formerly TNS)"", ""raw_name"": ""MasterCard Payment Gateway Service (formerly TNS)"", ""value"": ""tns"", ""default"": false}, {""id"": 1260812478869, ""name"": ""maxiPago!"", ""raw_name"": ""maxiPago!"", ""value"": ""maxipago"", ""default"": false}, {""id"": 1260812478889, ""name"": ""MercadoPago"", ""raw_name"": ""MercadoPago"", ""value"": ""mercado_pago"", ""default"": false}, {""id"": 1260812478909, ""name"": ""Merchant e-Solutions"", ""raw_name"": ""Merchant e-Solutions"", ""value"": ""merchant_e_solutions"", ""default"": false}, {""id"": 1260812478929, ""name"": ""Merchant Partners"", ""raw_name"": ""Merchant Partners"", ""value"": ""merchant_partners"", ""default"": false}, {""id"": 1260812478949, ""name"": ""Merchant Warrior"", ""raw_name"": ""Merchant Warrior"", ""value"": ""merchant_warrior"", ""default"": false}, {""id"": 1260812478969, ""name"": ""Mercury"", ""raw_name"": ""Mercury"", ""value"": ""mercury"", ""default"": false}, {""id"": 31081462823707, ""name"": ""MIT"", ""raw_name"": ""MIT"", ""value"": ""mit"", ""default"": false}, {""id"": 31081462823835, ""name"": ""Moka"", ""raw_name"": ""Moka"", ""value"": ""moka"", ""default"": false}, {""id"": 31081462823963, ""name"": ""Monei"", ""raw_name"": ""Monei"", ""value"": ""monei"", ""default"": false}, {""id"": 1260812479029, ""name"": ""Moneris"", ""raw_name"": ""Moneris"", ""value"": ""moneris"", ""default"": false}, {""id"": 1260812479049, ""name"": ""Mundipagg"", ""raw_name"": ""Mundipagg"", ""value"": ""mundipagg"", ""default"": false}, {""id"": 1260812479069, ""name"": ""NAB Transact"", ""raw_name"": ""NAB Transact"", ""value"": ""nab_transact"", ""default"": false}, {""id"": 1260812479089, ""name"": ""NCR Secure Pay"", ""raw_name"": ""NCR Secure Pay"", ""value"": ""ncr_secure_pay"", ""default"": false}, {""id"": 1260812479129, ""name"": ""NETbilling"", ""raw_name"": ""NETbilling"", ""value"": ""netbilling"", ""default"": false}, {""id"": 1260812479109, ""name"": ""NetPay"", ""raw_name"": ""NetPay"", ""value"": ""net_pay"", ""default"": false}, {""id"": 1260812479149, ""name"": ""NMI"", ""raw_name"": ""NMI"", ""value"": ""nmi"", ""default"": false}, {""id"": 1260812479729, ""name"": ""Nuvei (formerly SafeCharge)"", ""raw_name"": ""Nuvei (formerly SafeCharge)"", ""value"": ""safe_charge"", ""default"": false}, {""id"": 1260812479189, ""name"": ""Openpay"", ""raw_name"": ""Openpay"", ""value"": ""openpay"", ""default"": false}, {""id"": 1260812479229, ""name"": ""Orbital (Chase Paymentech)"", ""raw_name"": ""Orbital (Chase Paymentech)"", ""value"": ""orbital"", ""default"": false}, {""id"": 1260812480149, ""name"": ""Other"", ""raw_name"": ""Other"", ""value"": ""other"", ""default"": false}, {""id"": 1260814476290, ""name"": ""PayArc"", ""raw_name"": ""PayArc"", ""value"": ""payarc"", ""default"": false}, {""id"": 1260812479249, ""name"": ""PayConex"", ""raw_name"": ""PayConex"", ""value"": ""pay_conex"", ""default"": false}, {""id"": 1260812479289, ""name"": ""Payeezy"", ""raw_name"": ""Payeezy"", ""value"": ""payeezy"", ""default"": false}, {""id"": 1260812478529, ""name"": ""Payeezy (formerly GGE4)"", ""raw_name"": ""Payeezy (formerly GGE4)"", ""value"": ""first_data_e4_v27"", ""default"": false}, {""id"": 1260812479309, ""name"": ""PayEx"", ""raw_name"": ""PayEx"", ""value"": ""payex"", ""default"": false}, {""id"": 1260812478229, ""name"": ""PayFacto (formerly CT-Payment)"", ""raw_name"": ""PayFacto (formerly CT-Payment)"", ""value"": ""ct_payment"", ""default"": false}, {""id"": 1260812479329, ""name"": ""Payflow Pro"", ""raw_name"": ""Payflow Pro"", ""value"": ""payflow_pro"", ""default"": false}, {""id"": 1260812479269, ""name"": ""PayJunction"", ""raw_name"": ""PayJunction"", ""value"": ""pay_junction_v2"", ""default"": false}, {""id"": 1260812479369, ""name"": ""Paymentez"", ""raw_name"": ""Paymentez"", ""value"": ""paymentez"", ""default"": false}, {""id"": 1260812479389, ""name"": ""Paymill"", ""raw_name"": ""Paymill"", ""value"": ""paymill"", ""default"": false}, {""id"": 1260812479409, ""name"": ""PayPal"", ""raw_name"": ""PayPal"", ""value"": ""paypal"", ""default"": false}, {""id"": 1260812479429, ""name"": ""PayPal Commerce Platform"", ""raw_name"": ""PayPal Commerce Platform"", ""value"": ""paypal_commerce_platform"", ""default"": false}, {""id"": 31081462824091, ""name"": ""Paysafe"", ""raw_name"": ""Paysafe"", ""value"": ""paysafe"", ""default"": false}, {""id"": 1260812479209, ""name"": ""Paysafe (formerly Optimal Payments)"", ""raw_name"": ""Paysafe (formerly Optimal Payments)"", ""value"": ""optimal_payments"", ""default"": false}, {""id"": 1260812479449, ""name"": ""Paystation"", ""raw_name"": ""Paystation"", ""value"": ""paystation"", ""default"": false}, {""id"": 20824615739419, ""name"": ""PayTrace"", ""raw_name"": ""PayTrace"", ""value"": ""paytrace"", ""default"": false}, {""id"": 1260812479469, ""name"": ""PayU Latam"", ""raw_name"": ""PayU Latam"", ""value"": ""payu_latam"", ""default"": false}, {""id"": 1260812478709, ""name"": ""PayVector"", ""raw_name"": ""PayVector"", ""value"": ""iridium"", ""default"": false}, {""id"": 1260812479489, ""name"": ""Payway"", ""raw_name"": ""Payway"", ""value"": ""payway_dot_com"", ""default"": false}, {""id"": 1260812479509, ""name"": ""Pin Payments"", ""raw_name"": ""Pin Payments"", ""value"": ""pin"", ""default"": false}, {""id"": 31081462824219, ""name"": ""PPRO"", ""raw_name"": ""PPRO"", ""value"": ""ppro"", ""default"": false}, {""id"": 31081462824347, ""name"": ""Priority"", ""raw_name"": ""Priority"", ""value"": ""priority"", ""default"": false}, {""id"": 1260812479529, ""name"": ""ProPay"", ""raw_name"": ""ProPay"", ""value"": ""pro_pay"", ""default"": false}, {""id"": 1260812479549, ""name"": ""PSiGate"", ""raw_name"": ""PSiGate"", ""value"": ""psi_gate"", ""default"": false}, {""id"": 1260812479569, ""name"": ""Quantum"", ""raw_name"": ""Quantum"", ""value"": ""quantum"", ""default"": false}, {""id"": 1260812479589, ""name"": ""Quickbooks"", ""raw_name"": ""Quickbooks"", ""value"": ""quickbooks"", ""default"": false}, {""id"": 1260812479629, ""name"": ""QuickPay V10"", ""raw_name"": ""QuickPay V10"", ""value"": ""quickpay_v10"", ""default"": false}, {""id"": 1260812479649, ""name"": ""Qvalent"", ""raw_name"": ""Qvalent"", ""value"": ""qvalent"", ""default"": false}, {""id"": 31081462824475, ""name"": ""Rapyd"", ""raw_name"": ""Rapyd"", ""value"": ""rapyd"", ""default"": false}, {""id"": 31081462824603, ""name"": ""Reach"", ""raw_name"": ""Reach"", ""value"": ""reach"", ""default"": false}, {""id"": 1260812479669, ""name"": ""Realex"", ""raw_name"": ""Realex"", ""value"": ""realex"", ""default"": false}, {""id"": 31081462824731, ""name"": ""Redsys Rest"", ""raw_name"": ""Redsys Rest"", ""value"": ""redsys_rest"", ""default"": false}, {""id"": 1260812479709, ""name"": ""S5"", ""raw_name"": ""S5"", ""value"": ""s5"", ""default"": false}, {""id"": 1260812479749, ""name"": ""Sage Payment Solutions"", ""raw_name"": ""Sage Payment Solutions"", ""value"": ""sage"", ""default"": false}, {""id"": 1260812479769, ""name"": ""SagePay"", ""raw_name"": ""SagePay"", ""value"": ""sage_pay"", ""default"": false}, {""id"": 1260812479789, ""name"": ""SecureNet"", ""raw_name"": ""SecureNet"", ""value"": ""secure_net"", ""default"": false}, {""id"": 1260812479809, ""name"": ""SecurePay Australia"", ""raw_name"": ""SecurePay Australia"", ""value"": ""secure_pay_au"", ""default"": false}, {""id"": 31081462824859, ""name"": ""Shift4"", ""raw_name"": ""Shift4"", ""value"": ""shift4"", ""default"": false}, {""id"": 31081462824987, ""name"": ""Simetrik"", ""raw_name"": ""Simetrik"", ""value"": ""simetrik"", ""default"": false}, {""id"": 1260812479889, ""name"": ""Spreedly Test"", ""raw_name"": ""Spreedly Test"", ""value"": ""test"", ""default"": false}, {""id"": 1260812479849, ""name"": ""Stripe"", ""raw_name"": ""Stripe"", ""value"": ""stripe"", ""default"": false}, {""id"": 1260812479869, ""name"": ""Stripe Payment Intents"", ""raw_name"": ""Stripe Payment Intents"", ""value"": ""stripe_payment_intents"", ""default"": false}, {""id"": 31081462825115, ""name"": ""SumUp"", ""raw_name"": ""SumUp"", ""value"": ""sumup"", ""default"": false}, {""id"": 1260812479929, ""name"": ""TransFirst"", ""raw_name"": ""TransFirst"", ""value"": ""trans_first"", ""default"": false}, {""id"": 1260812479949, ""name"": ""TransFirst Transaction Express"", ""raw_name"": ""TransFirst Transaction Express"", ""value"": ""trans_first_transaction_express"", ""default"": false}, {""id"": 1260812479969, ""name"": ""TrustCommerce"", ""raw_name"": ""TrustCommerce"", ""value"": ""trust_commerce"", ""default"": false}, {""id"": 1260812479989, ""name"": ""USA ePay"", ""raw_name"": ""USA ePay"", ""value"": ""usa_epay"", ""default"": false}, {""id"": 1260812480009, ""name"": ""Vanco"", ""raw_name"": ""Vanco"", ""value"": ""vanco"", ""default"": false}, {""id"": 1260812478849, ""name"": ""Vantiv eCommerce (formerly Litle)"", ""raw_name"": ""Vantiv eCommerce (formerly Litle)"", ""value"": ""litle"", ""default"": false}, {""id"": 1260812478409, ""name"": ""Vantiv Express (formerly Element)"", ""raw_name"": ""Vantiv Express (formerly Element)"", ""value"": ""element"", ""default"": false}, {""id"": 31081462825243, ""name"": ""Versapay"", ""raw_name"": ""Versapay"", ""value"": ""versapay"", ""default"": false}, {""id"": 1260812480029, ""name"": ""VisaNet Peru"", ""raw_name"": ""VisaNet Peru"", ""value"": ""visanet_peru"", ""default"": false}, {""id"": 1260812480049, ""name"": ""vPOS"", ""raw_name"": ""vPOS"", ""value"": ""vpos"", ""default"": false}, {""id"": 1260812478049, ""name"": ""VR Payment (formerly CardProcess)"", ""raw_name"": ""VR Payment (formerly CardProcess)"", ""value"": ""cardprocess"", ""default"": false}, {""id"": 1260812480069, ""name"": ""WePay"", ""raw_name"": ""WePay"", ""value"": ""wepay"", ""default"": false}, {""id"": 1260812479349, ""name"": ""Windcave (formerly Payment Express)"", ""raw_name"": ""Windcave (formerly Payment Express)"", ""value"": ""payment_express"", ""default"": false}, {""id"": 1260812480089, ""name"": ""Wirecard"", ""raw_name"": ""Wirecard"", ""value"": ""wirecard"", ""default"": false}, {""id"": 31081462825371, ""name"": ""Wompi"", ""raw_name"": ""Wompi"", ""value"": ""wompi"", ""default"": false}, {""id"": 31081462825499, ""name"": ""Worldline (formerly Global Collect)"", ""raw_name"": ""Worldline (formerly Global Collect)"", ""value"": ""worldline__formerly_global_collect_"", ""default"": false}, {""id"": 31081462825627, ""name"": ""Worldline (formerly Ogone)"", ""raw_name"": ""Worldline (formerly Ogone)"", ""value"": ""worldline__formerly_ogone_"", ""default"": false}, {""id"": 1260812480109, ""name"": ""WorldPay"", ""raw_name"": ""WorldPay"", ""value"": ""worldpay"", ""default"": false}, {""id"": 1260812480129, ""name"": ""Worldpay US"", ""raw_name"": ""Worldpay US"", ""value"": ""worldpay_us"", ""default"": false}, {""id"": 31081462825755, ""name"": ""X Pay"", ""raw_name"": ""X Pay"", ""value"": ""x_pay"", ""default"": false}, {""id"": 31081579790619, ""name"": ""Plexo"", ""raw_name"": ""Plexo"", ""value"": ""plexo"", ""default"": false}]",2021-04-26T18:22:28Z,2024-11-19T19:50:13Z
3.60008E+11,checkbox,Notify Success Team in Slack,Notify Success Team in Slack,,,FALSE,FALSE,[],2018-08-21T16:16:42Z,2019-08-01T17:54:47Z
47852747,checkbox,RSLA Breached,RSLA Breached,,,TRUE,FALSE,[],2016-12-01T21:15:48Z,2024-12-05T16:52:11Z
3.60006E+11,checkbox,Push to Productboard,Push to Productboard,,,FALSE,FALSE,[],2018-06-13T19:58:28Z,2020-06-04T13:27:33Z
3.60015E+11,checkbox,Support: Eng. Revisions Needed,Support: Eng. Revisions Needed,,,FALSE,FALSE,[],2019-01-30T18:18:15Z,2020-06-04T13:27:39Z
35423268,group,Group,Group,Request group,Request group,TRUE,FALSE,[],2016-07-25T13:07:58Z,2024-06-21T16:57:38Z
80086867,checkbox,Skip Satisfaction Survey,Skip Satisfaction Survey,,,TRUE,FALSE,[],2017-06-05T12:36:36Z,2024-06-21T16:57:38Z
41735587,checkbox,Checked Docs.spreedly.com,Checked Docs.spreedly.com,,,FALSE,FALSE,[],2016-09-15T00:41:56Z,2024-05-08T19:18:08Z
1.35001E+13,checkbox,QA - Reviewed?,QA - Reviewed?,,,TRUE,FALSE,[],2023-03-08T17:03:35Z,2024-06-21T16:57:38Z
75868547,checkbox,Checked Slack,Checked Slack,,,FALSE,FALSE,[],2017-04-06T18:39:35Z,2024-09-12T20:55:26Z
41646848,checkbox,Checked Ticket Archives,Checked Ticket Archives,,,FALSE,FALSE,[],2016-09-15T00:42:18Z,2024-05-08T19:18:49Z
3.60038E+11,tagger,Request Type,Request Type,Nature of your request,Nature of your request,TRUE,TRUE,"[{""id"": 29089070456731, ""name"": ""Troubleshoot an Issue"", ""raw_name"": ""Troubleshoot an Issue"", ""value"": ""troubleshoot_an_issue"", ""default"": false}, {""id"": 29089070456859, ""name"": ""Vaulting Payment Methods"", ""raw_name"": ""Vaulting Payment Methods"", ""value"": ""vaulting_payment_methods"", ""default"": false}, {""id"": 29089070456987, ""name"": ""New Connection & Field Request"", ""raw_name"": ""New Connection & Field Request"", ""value"": ""new_connection___field_request"", ""default"": false}, {""id"": 29089070457115, ""name"": ""My Spreedly Account"", ""raw_name"": ""My Spreedly Account"", ""value"": ""my_spreedly_account"", ""default"": false}, {""id"": 29898984624923, ""name"": ""Document Request"", ""raw_name"": ""Document Request"", ""value"": ""document_requests"", ""default"": false}, {""id"": 29089070457243, ""name"": ""Something Else"", ""raw_name"": ""Something Else"", ""value"": ""something_else"", ""default"": false}]",2020-04-11T17:04:11Z,2024-12-23T15:51:45Z
6.33668E+12,textarea,Priority Justification/Customer Impact,Priority Justification/Customer Impact,Please tell us how this issue is impacting your business to help us understand the full scope of the problem.,Please tell us how this issue is impacting your business to help us understand the full scope of the problem.,TRUE,FALSE,[],2022-06-02T19:17:51Z,2024-06-21T16:57:38Z
37061688,text,Github Issue URL,Github Issue URL,,,FALSE,FALSE,[],2016-08-16T14:39:46Z,2018-04-03T15:40:50Z
72226907,checkbox,Checked Community Forum,Checked Community Forum,,,FALSE,FALSE,[],2017-03-29T14:07:59Z,2024-05-08T19:18:03Z
5.79803E+12,textarea,Internal or External Documentation to Support This Article,Internal or External Documentation to Support This Article,,,TRUE,FALSE,[],2022-05-06T13:54:08Z,2024-06-21T16:57:38Z
41646868,checkbox,Checked Github,Checked Github,,,FALSE,FALSE,[],2016-09-15T00:42:39Z,2024-05-08T19:18:13Z
6.40249E+12,tagger,Preferred Region for Support,Preferred Region for Support,"Europe, Middle East, Africa (EMEA): 8am-6pm EET Cape Town (UTC+2) | Americas (AMER): 8am-9pm ET US+Canada (UTC-4) | Asia Pacific (APAC):  8am-6pm SGT (UTC+8)","Europe, Middle East, Africa (EMEA): 8am-6pm EET Cape Town (UTC+2) | Americas (AMER): 8am-9pm ET US+Canada (UTC-4) | Asia Pacific (APAC):  8am-6pm SGT (UTC+8)",TRUE,FALSE,"[{""id"": 6402490279323, ""name"": ""No Preference"", ""raw_name"": ""No Preference"", ""value"": ""no_preference"", ""default"": true}, {""id"": 6402490279451, ""name"": ""EMEA"", ""raw_name"": ""EMEA"", ""value"": ""emea"", ""default"": false}, {""id"": 6402490279579, ""name"": ""AMER"", ""raw_name"": ""AMER"", ""value"": ""amer"", ""default"": false}, {""id"": 8723969120539, ""name"": ""APAC"", ""raw_name"": ""APAC"", ""value"": ""apac"", ""default"": false}]",2022-06-06T17:10:46Z,2024-06-21T16:57:38Z
80383027,checkbox,Checked JIRA,Checked JIRA,,,FALSE,FALSE,[],2017-06-20T23:16:48Z,2024-05-08T19:18:23Z
36661107,tagger,Analytics Needs,Analytics Needs,,,FALSE,FALSE,"[{""id"": 58760547, ""name"": ""Core: Interruptions/Timeouts"", ""raw_name"": ""Core: Interruptions/Timeouts"", ""value"": ""core__interruptions_timeouts"", ""default"": false}, {""id"": 58760527, ""name"": ""Express: Interruptions/Timeouts"", ""raw_name"": ""Express: Interruptions/Timeouts"", ""value"": ""express__interruptions_timeouts"", ""default"": false}, {""id"": 58760467, ""name"": ""Gateway: Average Response Time"", ""raw_name"": ""Gateway: Average Response Time"", ""value"": ""gateway__average_response_time"", ""default"": false}, {""id"": 58760487, ""name"": ""Gateway: Successes/Failures"", ""raw_name"": ""Gateway: Successes/Failures"", ""value"": ""gateway__successes_failures"", ""default"": false}, {""id"": 58760507, ""name"": ""iFrame: Interruptions/Timeouts"", ""raw_name"": ""iFrame: Interruptions/Timeouts"", ""value"": ""iframe__interruptions_timeouts"", ""default"": false}]",2016-08-12T18:37:14Z,2018-04-03T15:40:50Z
8.70336E+12,tagger,Product,Product,Spreedly functional area that this inquiry relates to,Spreedly functional area that this inquiry relates to,TRUE,TRUE,"[{""id"": 8703361635227, ""name"": "" 3DS2"", ""raw_name"": "" 3DS2"", ""value"": ""_3ds2"", ""default"": false}, {""id"": 8703361635355, ""name"": "" Account Updater"", ""raw_name"": "" Account Updater"", ""value"": ""_account_updater"", ""default"": false}, {""id"": 8703361635483, ""name"": "" API Transactions - Production"", ""raw_name"": "" API Transactions - Production"", ""value"": ""_api_transactions_-_production"", ""default"": true}, {""id"": 8703361635611, ""name"": "" API Transactions - Testing"", ""raw_name"": "" API Transactions - Testing"", ""value"": ""_api_transactions_-_testing"", ""default"": false}, {""id"": 8703361635739, ""name"": "" Apple Pay"", ""raw_name"": "" Apple Pay"", ""value"": ""_apple_pay"", ""default"": false}, {""id"": 8703361635867, ""name"": "" Billing/Loggistics"", ""raw_name"": "" Billing/Loggistics"", ""value"": ""_billing/loggistics"", ""default"": false}, {""id"": 8703361635995, ""name"": "" Business/Pricing"", ""raw_name"": "" Business/Pricing"", ""value"": ""_business/pricing"", ""default"": false}, {""id"": 8703361636123, ""name"": "" Dashboard/Reporting"", ""raw_name"": "" Dashboard/Reporting"", ""value"": ""_dashboard/reporting"", ""default"": false}, {""id"": 8703361636251, ""name"": "" ID/User Management"", ""raw_name"": "" ID/User Management"", ""value"": ""_id/user_management"", ""default"": false}, {""id"": 8703361636379, ""name"": "" iFrame"", ""raw_name"": "" iFrame"", ""value"": ""_iframe"", ""default"": false}, {""id"": 8703361636507, ""name"": "" iOS/Android SDK"", ""raw_name"": "" iOS/Android SDK"", ""value"": ""_ios/android_sdk"", ""default"": false}, {""id"": 8703361636635, ""name"": "" Network Tokenization"", ""raw_name"": "" Network Tokenization"", ""value"": ""_network_tokenization"", ""default"": false}, {""id"": 8703361636763, ""name"": "" Payment Methods Migration/Import/Export"", ""raw_name"": "" Payment Methods Migration/Import/Export"", ""value"": ""_payment_methods_migration/import/export"", ""default"": false}, {""id"": 8703361636891, ""name"": "" PMD Fraud Detection"", ""raw_name"": "" PMD Fraud Detection"", ""value"": ""_pmd_fraud_detection"", ""default"": false}, {""id"": 8703361637019, ""name"": ""Other (not listed)"", ""raw_name"": ""Other (not listed)"", ""value"": ""other__not_listed_"", ""default"": false}]",2022-09-08T22:22:33Z,2024-06-21T16:57:38Z
48667627,checkbox,Checked Mixpanel,Checked Mixpanel,,,FALSE,FALSE,[],2016-12-13T18:17:19Z,2024-05-08T19:18:38Z
5.79847E+12,tagger,Documentation Property,Documentation Property,,,TRUE,FALSE,"[{""id"": 5798448012443, ""name"": ""docs.spreedly.com"", ""raw_name"": ""docs.spreedly.com"", ""value"": ""docs.spreedly.com"", ""default"": false}, {""id"": 5798448012571, ""name"": ""support.spreedly.com"", ""raw_name"": ""support.spreedly.com"", ""value"": ""support.spreedly.com"", ""default"": false}]",2022-05-06T14:10:44Z,2024-06-21T16:57:38Z
72228327,checkbox,Checked Spreedly Blogs,Checked Spreedly Blogs,,,FALSE,FALSE,[],2017-03-29T14:09:48Z,2024-05-08T19:18:42Z
37491408,text,Child Ticket,Child Ticket,,,FALSE,FALSE,[],2016-08-18T21:06:25Z,2018-10-04T18:57:40Z
5.79782E+12,tagger,Update or New Article?,Update or New Article?,,,TRUE,FALSE,"[{""id"": 5797805014171, ""name"": ""Update"", ""raw_name"": ""Update"", ""value"": ""update"", ""default"": true}, {""id"": 5797805014299, ""name"": ""New Article"", ""raw_name"": ""New Article"", ""value"": ""new_article"", ""default"": false}]",2022-05-06T13:46:17Z,2024-06-21T16:57:38Z
3.60003E+11,checkbox,Checked Lava,Checked Lava,,,FALSE,FALSE,[],2018-04-03T15:37:05Z,2024-05-08T19:18:28Z
3.60038E+11,text,Environment Token,Environment Token,The environment associated with the payment methods,The environment associated with the payment methods,TRUE,FALSE,[],2020-04-11T17:15:04Z,2024-06-21T16:57:38Z
3.60003E+11,checkbox,Checked Hubspot,Checked Hubspot,,,FALSE,FALSE,[],2018-04-03T15:37:22Z,2024-05-08T19:18:18Z
3.60038E+11,tagger,Vaulting Payment Methods,Vaulting Payment Methods,How can we help manage your payment methods?,How can we help manage your payment methods?,TRUE,FALSE,"[{""id"": 29089618761243, ""name"": ""Advanced Vaulting Request"", ""raw_name"": ""Advanced Vaulting Request"", ""value"": ""advanced_vaulting_request"", ""default"": false}, {""id"": 29089618761371, ""name"": ""Importing Payment Methods into Spreedly"", ""raw_name"": ""Importing Payment Methods into Spreedly"", ""value"": ""importing_payment_methods_into_spreedly"", ""default"": false}, {""id"": 29089618761499, ""name"": ""Exporting Payment Methods from Spreedly"", ""raw_name"": ""Exporting Payment Methods from Spreedly"", ""value"": ""exporting_payment_methods_from_spreedly"", ""default"": false}, {""id"": 29089618761627, ""name"": ""Moving Payment Methods within Spreedly"", ""raw_name"": ""Moving Payment Methods within Spreedly"", ""value"": ""moving_payment_methods_within_spreedly"", ""default"": false}]",2020-04-11T17:16:24Z,2024-09-10T13:30:16Z
1.141E+11,text,Linked Data,Linked Data,,,FALSE,FALSE,[],2017-10-04T17:50:22Z,2020-11-13T14:45:03Z
81019408,integer,Time spent last update (sec),Time spent last update (sec),Time spent last update (sec),Time spent last update (sec),FALSE,FALSE,[],2017-08-07T16:46:19Z,2024-12-12T16:45:40Z
3.60038E+11,tagger,New Connection or Field Request,New Connection or Field Request,"Request a new GSF/GSRF, Gateway, Receiver, or other service.","Request a new GSF/GSRF, Gateway, Receiver, or other service.",TRUE,FALSE,"[{""id"": 29089847118107, ""name"": ""Add an Unsupported Gateway"", ""raw_name"": ""Add an Unsupported Gateway"", ""value"": ""add_an_unsupported_gateway"", ""default"": false}, {""id"": 29089885892251, ""name"": ""Connect to Spreedly Supported Gateways"", ""raw_name"": ""Connect to Spreedly Supported Gateways"", ""value"": ""connect_to_spreedly_supported_gateways"", ""default"": false}, {""id"": 29089885892379, ""name"": ""Fraud Provider"", ""raw_name"": ""Fraud Provider"", ""value"": ""fraud_provider"", ""default"": false}, {""id"": 360051268274, ""name"": ""Gateway Specific Field"", ""raw_name"": ""Gateway Specific Field"", ""value"": ""gateway_specific_field"", ""default"": false}, {""id"": 29089885892507, ""name"": ""Gateway Specific Response Field"", ""raw_name"": ""Gateway Specific Response Field"", ""value"": ""gateway_specific_response_field"", ""default"": false}, {""id"": 360051268294, ""name"": ""Receiver - New/Update "", ""raw_name"": ""Receiver - New/Update "", ""value"": ""receiver_-_new/update_"", ""default"": false}, {""id"": 29089885892635, ""name"": ""Other Payment Service Provider"", ""raw_name"": ""Other Payment Service Provider"", ""value"": ""other_payment_service_provider"", ""default"": false}, {""id"": 360051268314, ""name"": ""Other (Enter Details in Description)"", ""raw_name"": ""Other (Enter Details in Description)"", ""value"": ""other__enter_details_in_description_"", ""default"": false}]",2020-04-11T17:30:08Z,2024-09-10T13:37:26Z
81019388,integer,Total time spent (sec),Total time spent (sec),Total time spent (sec),Total time spent (sec),FALSE,FALSE,[],2017-08-07T16:46:19Z,2024-12-12T16:45:40Z
3.60038E+11,checkbox,Transaction issue?,Transaction issue?,Does your request involve a transaction issue?,Does your request involve a transaction issue?,TRUE,FALSE,[],2020-04-07T14:40:06Z,2024-09-10T13:11:03Z
3.60041E+11,tagger,Flag,Flag,,,TRUE,FALSE,"[{""id"": 360050865653, ""name"": ""YELLOW"", ""raw_name"": ""YELLOW"", ""value"": ""yellow"", ""default"": false}, {""id"": 360050865673, ""name"": ""RED"", ""raw_name"": ""RED"", ""value"": ""red"", ""default"": false}]",2020-05-19T19:23:01Z,2024-06-21T16:57:38Z
6.98668E+12,integer,Number of Payment Methods,Number of Payment Methods,About how many payment methods are you expecting for this migration?,About how many payment methods are you expecting for this migration?,TRUE,FALSE,[],2022-06-30T19:17:29Z,2024-12-04T18:43:41Z
5.7979E+12,text,URL of Article to Update,URL of Article to Update,,,TRUE,FALSE,[],2022-05-06T13:50:09Z,2024-06-21T16:57:38Z
3.60038E+11,text,Token,Token,Please provide the token value from the transaction,Please provide the token value from the transaction,TRUE,FALSE,[],2020-04-07T14:40:55Z,2024-06-21T16:57:38Z
1.75327E+13,tagger,Escalation Urgency Needed?,Escalation Urgency Needed?,,,TRUE,FALSE,"[{""id"": 17532713862555, ""name"": ""Yes"", ""raw_name"": ""Yes"", ""value"": ""high_escalation_priority"", ""default"": false}, {""id"": 17532713862683, ""name"": ""No"", ""raw_name"": ""No"", ""value"": ""de-escalated"", ""default"": false}]",2023-07-30T19:27:45Z,2024-06-21T16:57:38Z
1.26082E+12,checkbox,New Gateway Integration?,New Gateway Integration?,Is this a question related to a new gateway integration?,Is this a question related to a new gateway integration?,FALSE,FALSE,[],2021-05-12T18:11:38Z,2024-05-08T18:56:27Z
1.26081E+12,checkbox,Doc update needed?,Doc update needed?,,,FALSE,FALSE,[],2021-04-26T22:55:02Z,2024-05-08T18:55:54Z
1.26082E+12,checkbox,Bug/Defect?,Bug/Defect?,,,FALSE,FALSE,[],2021-05-13T21:46:51Z,2024-05-08T18:55:28Z
1.26082E+12,text,GSS Partner Spreedly Docs URL,GSS Partner Spreedly Docs URL,,,FALSE,FALSE,[],2021-07-12T17:17:36Z,2024-05-08T18:56:17Z
3.15714E+13,checkbox,SLA met?,SLA met?,,,TRUE,FALSE,[],2024-12-05T16:47:31Z,2024-12-05T16:47:31Z
3.15711E+13,tagger,RSLA Breached Reason,RSLA Breached Reason,,,TRUE,FALSE,"[{""id"": 31573797496091, ""name"": ""Account Mgmt Delays"", ""raw_name"": ""Account Mgmt Delays"", ""value"": ""account_mgmt_delays"", ""default"": false}, {""id"": 31573797496219, ""name"": ""CE Delays"", ""raw_name"": ""CE Delays"", ""value"": ""ce_delays"", ""default"": false}, {""id"": 31573797496347, ""name"": ""Customer Delay/unresponsive"", ""raw_name"": ""Customer Delay/unresponsive"", ""value"": ""customer_delay/unresponsive"", ""default"": false}, {""id"": 31571132178459, ""name"": ""Engineering Delays"", ""raw_name"": ""Engineering Delays"", ""value"": ""engineering_delays"", ""default"": false}, {""id"": 31573797496475, ""name"": ""Export (Low Priority)"", ""raw_name"": ""Export (Low Priority)"", ""value"": ""export__low_priority_"", ""default"": false}, {""id"": 31573797496603, ""name"": ""Incident Related"", ""raw_name"": ""Incident Related"", ""value"": ""incident_related"", ""default"": false}, {""id"": 31573797496731, ""name"": ""Internal Processes"", ""raw_name"": ""Internal Processes"", ""value"": ""internal_processes"", ""default"": false}, {""id"": 31573797496859, ""name"": ""Miscategorized Priority"", ""raw_name"": ""Miscategorized Priority"", ""value"": ""miscategorized_priority"", ""default"": false}, {""id"": 31573797496987, ""name"": ""New Feature/Continuous Improvement"", ""raw_name"": ""New Feature/Continuous Improvement"", ""value"": ""new_feature/continuous_improvement"", ""default"": false}, {""id"": 31573797497115, ""name"": ""Pricing Changes"", ""raw_name"": ""Pricing Changes"", ""value"": ""pricing_changes"", ""default"": false}, {""id"": 31573797497243, ""name"": ""Support Agent Delay"", ""raw_name"": ""Support Agent Delay"", ""value"": ""support_agent_delay"", ""default"": false}, {""id"": 31573797497371, ""name"": ""Third Party Delays"", ""raw_name"": ""Third Party Delays"", ""value"": ""third_party_delays"", ""default"": false}, {""id"": 31573797497499, ""name"": ""Ticket Closure Delays"", ""raw_name"": ""Ticket Closure Delays"", ""value"": ""ticket_closure_delays"", ""default"": false}, {""id"": 31573797497627, ""name"": ""Troubleshooting Delays"", ""raw_name"": ""Troubleshooting Delays"", ""value"": ""troubleshooting_delays"", ""default"": false}]",2024-12-05T16:40:41Z,2024-12-05T17:40:09Z
3.1118E+13,tagger,Assigned Support Contact,Assigned Support Contact,,,TRUE,FALSE,"[{""id"": 31117949255323, ""name"": ""Shadrack Sithole"", ""raw_name"": ""Shadrack Sithole"", ""value"": ""shadrack_sithole"", ""default"": false}, {""id"": 31117949255451, ""name"": ""Terrill Pitts"", ""raw_name"": ""Terrill Pitts"", ""value"": ""terrill_pitts"", ""default"": false}, {""id"": 31117949255579, ""name"": ""Jose Avila"", ""raw_name"": ""Jose Avila"", ""value"": ""jose_avila"", ""default"": false}, {""id"": 31117949255707, ""name"": ""Alex Tagle"", ""raw_name"": ""Alex Tagle"", ""value"": ""alex_tagle"", ""default"": false}, {""id"": 31117949255835, ""name"": ""Duke Gabriel"", ""raw_name"": ""Duke Gabriel"", ""value"": ""duke_gabriel"", ""default"": false}, {""id"": 31117949255963, ""name"": ""Walter Lainez"", ""raw_name"": ""Walter Lainez"", ""value"": ""walter_lainez"", ""default"": false}]",2024-11-20T20:52:39Z,2024-11-20T20:52:39Z
3.11112E+13,text,Assigned Support Contact,Assigned Support Contact,,,FALSE,FALSE,[],2024-11-20T17:57:22Z,2024-11-20T21:00:15Z
3.07168E+13,text,Service Level,Service Level,,,TRUE,FALSE,[],2024-11-06T23:10:54Z,2024-11-06T23:10:54Z
2.99853E+13,text,Account Owner,Account Owner,,,TRUE,FALSE,[],2024-10-11T00:45:54Z,2024-10-31T17:17:33Z
2.98994E+13,tagger,Document Request,Document Request,"Request for a document such as an NDA, W9, or PCI/AOC","Request for a document such as an NDA, W9, or PCI/AOC",TRUE,FALSE,"[{""id"": 29899418837403, ""name"": ""W9"", ""raw_name"": ""W9"", ""value"": ""w9"", ""default"": false}, {""id"": 29899418837531, ""name"": ""PCI/AOC"", ""raw_name"": ""PCI/AOC"", ""value"": ""pci/aoc"", ""default"": false}, {""id"": 29899418837659, ""name"": ""NDA"", ""raw_name"": ""NDA"", ""value"": ""nda"", ""default"": false}]",2024-10-08T15:27:11Z,2024-10-08T15:27:11Z
2.90902E+13,tagger,My Spreedly Account,My Spreedly Account,"Issues with logging in, billing, reporting, or using the Spreedly App.","Issues with logging in, billing, reporting, or using the Spreedly App.",TRUE,FALSE,"[{""id"": 29090187876763, ""name"": ""Trouble Logging In"", ""raw_name"": ""Trouble Logging In"", ""value"": ""trouble_logging_in"", ""default"": false}, {""id"": 29090187876891, ""name"": ""Billing Questions"", ""raw_name"": ""Billing Questions"", ""value"": ""billing_questions"", ""default"": false}, {""id"": 29090187877019, ""name"": ""Spreedly App"", ""raw_name"": ""Spreedly App"", ""value"": ""spreedly_app"", ""default"": false}, {""id"": 29090187877147, ""name"": ""Reporting & Dashboard"", ""raw_name"": ""Reporting & Dashboard"", ""value"": ""reporting___dashboard"", ""default"": false}]",2024-09-10T13:46:47Z,2024-09-10T13:46:47Z
2.90892E+13,tagger,Troubleshooting an Issue,Troubleshooting an Issue,What problem can we help you troubleshoot and resolve?,What problem can we help you troubleshoot and resolve?,TRUE,FALSE,"[{""id"": 29088635168027, ""name"": ""Transaction"", ""raw_name"": ""Transaction"", ""value"": ""transaction"", ""default"": false}, {""id"": 29088915731995, ""name"": ""Spreedly API"", ""raw_name"": ""Spreedly API"", ""value"": ""spreedly_api"", ""default"": false}, {""id"": 29089240113307, ""name"": ""Testing"", ""raw_name"": ""Testing"", ""value"": ""testing"", ""default"": false}, {""id"": 29089240113435, ""name"": ""3DS/SCA"", ""raw_name"": ""3DS/SCA"", ""value"": ""3ds/sca"", ""default"": false}, {""id"": 29089240113563, ""name"": ""Spreedly iFrame"", ""raw_name"": ""Spreedly iFrame"", ""value"": ""spreedly_iframe"", ""default"": false}, {""id"": 29089240113691, ""name"": ""SDK"", ""raw_name"": ""SDK"", ""value"": ""sdk"", ""default"": false}, {""id"": 29089240113819, ""name"": ""Local or Alt Payment Methods (LPM/APM)"", ""raw_name"": ""Local or Alt Payment Methods (LPM/APM)"", ""value"": ""local_or_alt_payment_methods__lpm/apm_"", ""default"": false}]",2024-09-10T13:17:35Z,2024-09-10T13:17:35Z
2.88681E+13,text,Address (Bot),Address (Bot),,,TRUE,FALSE,[],2024-09-03T21:48:28Z,2024-09-03T21:48:28Z
2.88681E+13,text,"City, State, Zip (Bot)","City, State, Zip (Bot)",,,TRUE,FALSE,[],2024-09-03T21:49:06Z,2024-09-03T21:49:06Z
2.88678E+13,text,Comment (Bot),Comment (Bot),,,TRUE,FALSE,[],2024-09-03T21:42:29Z,2024-09-03T21:42:29Z
2.88673E+13,text,Summary of Request (Bot),Summary of Request (Bot),,,TRUE,FALSE,[],2024-09-03T21:28:50Z,2024-09-03T21:28:50Z
2.88672E+13,text,Organization (Bot),Organization (Bot),,,TRUE,FALSE,[],2024-09-03T21:28:04Z,2024-09-03T21:28:04Z
3.60006E+11,checkbox,Push to productboard?,Push to productboard?,Push to productboard?,Push to productboard?,FALSE,FALSE,[],2018-06-13T20:06:47Z,2018-06-13T20:58:30Z
3.60027E+11,checkbox,Edge Case/Unclear,Edge Case/Unclear,,,FALSE,FALSE,[],2019-10-15T16:37:43Z,2020-11-13T14:44:38Z
3.60027E+11,checkbox,Insufficient Tools/Training,Insufficient Tools/Training,,,FALSE,FALSE,[],2019-10-15T16:38:45Z,2020-11-13T14:44:46Z
9.32772E+12,custom_status,Ticket status,Ticket status,Request ticket status,Request ticket status,TRUE,FALSE,[],2022-10-03T23:07:47Z,2024-06-21T16:57:38Z